Retriever,MRR@10,Success@1,Success@5,Success@10,MRR@5,Modellrevision / API-Modell
BM25,0.8844038976752225,0.837568058076225,0.9482758620689655,0.9646098003629764,0.882115849969752,"rank_bm25 (k1=1.5, b=0.75), output/bm25_v2/per_query_ranks.csv"
BM25-de,0.9213016377149771,0.882940108892922,0.9718693284936479,0.984573502722323,0.9194948578342408,"rank_bm25 mit Stoppwörtern und Stemming, output/bm25_de/per_query_ranks.csv"
multilingual-e5-large,0.9332537521965834,0.8983666061705989,0.9791288566243194,0.9868421052631579,0.9322141560798548,intfloat/multilingual-e5-large@3d7cfbdacd47
bge-m3,0.9455519185895774,0.9169691470054446,0.9804900181488203,0.9886569872958257,0.944426799758016,BAAI/bge-m3@5617a9f61b02
gte-multilingual-base,0.8859164794169327,0.8339382940108893,0.9519056261343013,0.9673321234119783,0.8837946158499694,Alibaba-NLP/gte-multilingual-base@9bbca17d9273
jina-embeddings-v3,0.9428531818050875,0.9074410163339383,0.9863883847549909,0.9918330308529946,0.9421355111917725,jinaai/jina-embeddings-v3@ab036b023d30
text-embedding-3-small,0.9168436536744156,0.8729582577132486,0.9741379310344828,0.9823049001814882,0.9157062915910463,"text-embedding-3-small (API, abgerufen 2026-10-01)"
text-embedding-3-large,0.9437121899576529,0.9074410163339383,0.9895644283121597,0.9936479128856625,0.9430883242589233,"text-embedding-3-large (API, abgerufen 2026-10-01)"
Qwen3-Embedding-0.6B,0.924113444530867,0.8833938294010889,0.9736842105263158,0.984573502722323,0.9226104053236536,Qwen/Qwen3-Embedding-0.6B@97b0c614be4d
snowflake-arctic-embed-l-v2.0,0.9436864431192924,0.911524500907441,0.9813974591651543,0.9909255898366606,0.9423018753781003,Snowflake/snowflake-arctic-embed-l-v2.0@ac6544c8a46e
jina-embeddings-v2-base-de,0.9197436839224493,0.8797640653357531,0.9682395644283122,0.9827586206896551,0.9177404718693281,jinaai/jina-embeddings-v2-base-de@3f9eede87572
