query_id,rank_first_relevant,num_relevant
q40369,1,1
q40370,1,1
q40366,1,1
q40367,1,1
q40368,1,1
q40372,1,1
q40373,1,1
q40374,1,1
q40375,1,1
q40376,1,1
q40377,2,1
q40378,3,1
q40379,1,1
q40436,1,1
q40437,2,1
q40477,1,1
q40479,1,1
q40481,1,1
q40482,1,1
q40487,1,1
q40488,1,1
q40489,1,1
q40490,1,1
q40491,1,1
q40492,1,1
q40493,1,1
q40498,1,1
q40499,1,1
q40500,1,1
q40501,1,1
q40502,1,1
q40503,1,1
q40511,1,1
q40506,1,1
q40507,1,1
q40509,1,1
q40510,1,1
q40535,1,1
q40536,1,1
q40540,1,1
q40541,1,1
q40542,1,1
q36767,1,1
q36768,1,1
q36789,1,1
q36790,1,1
q36798,1,1
q36799,1,1
q36800,1,1
q36801,1,1
q36802,1,1
q41037,1,1
q41044,1,1
q37175,1,1
q41049,1,1
q41047,1,1
q41051,1,1
q41052,5,1
q41053,1,1
q41054,1,1
q41055,1,1
q41056,1,1
q41046,1,1
q41057,1,1
q41067,1,1
q41105,1,1
q41107,1,1
q41111,1,1
q41115,1,1
q41116,1,1
q41117,1,1
q41118,1,1
q41119,1,1
q41122,2,1
q41123,1,1
q41124,1,1
q41133,2,1
q41134,1,1
q41135,1,1
q41136,1,1
q41137,1,1
q41131,1,1
q41132,1,1
q41186,1,1
q41187,1,1
q41192,1,1
q41205,1,1
q41202,1,1
q41203,1,1
q41204,1,1
q41211,1,1
q41214,1,1
q41213,1,1
q41215,1,1
q41219,1,1
q41220,2,1
q41221,1,1
q41222,1,1
q41223,1,1
q41224,2,1
q41225,1,1
q41226,1,1
q41228,1,1
q41229,1,1
q41227,1,1
q41230,1,1
q41279,1,1
q41280,1,1
q41282,1,1
q41283,1,1
q41284,1,1
q41285,1,1
q41288,1,1
q41290,1,1
q41291,1,1
q41292,1,1
q41293,1,1
q41294,1,1
q41295,1,1
q41296,1,1
q41297,1,1
q41299,1,1
q41301,1,1
q41349,1,1
q41350,2,1
q41364,1,1
q41366,1,1
q41367,1,1
q41368,1,1
q41369,1,1
q41370,1,1
q41371,1,1
q41372,1,1
q41373,1,1
q41374,1,1
q41375,1,1
q41376,1,1
q41377,1,1
q41378,1,1
q41379,1,1
q41380,1,1
q41391,1,1
q41392,1,1
q41393,1,1
q38513,1,1
q38514,1,1
q38515,1,1
q38516,1,1
q38517,1,1
q38518,1,1
q38519,1,1
q41413,1,1
q41415,17,1
q41417,1,1
q41419,1,1
q38624,33,1
q38625,1,1
q38626,1,1
q38627,1,1
q41435,1,1
q41436,1,1
q41437,1,1
q41438,1,1
q41439,1,1
q41440,1,1
q41441,1,1
q41448,1,1
q41449,1,1
q41531,1,1
q41532,1,1
q41536,1,1
q41537,1,1
q41538,17,1
q41539,1,1
q41540,1,1
q41541,1,1
q41542,1,1
q41543,1,1
q41599,2,1
q41600,1,1
q41601,1,1
q41602,1,1
q41603,1,1
q41604,1,1
q41606,1,1
q41607,1,1
q41608,2,1
q41609,1,1
q41610,1,1
q41611,1,1
q41613,2,1
q41614,1,1
q41615,1,1
q41616,1,1
q41617,1,1
q38628,1,1
q38629,1,1
q38630,1,1
q38546,95,1
q38550,1,1
q38973,1,1
q38060,1,1
q42109,1,1
q42110,1,1
q42111,1,1
q38177,1,1
q38206,1,1
q38207,1,1
q38251,1,1
q38252,1,1
q38253,1,1
q38255,1,1
q38256,1,1
q38293,1,1
q45264,1,1
q45268,1,1
q45276,1,1
q45278,1,1
q45281,1,1
q45298,1,1
q45326,1,1
q45331,1,1
q45363,1,1
q45364,1,1
q45366,1,1
q45370,1,1
q38712,1,1
q41626,1,1
q41627,1,1
q37224,1,1
q37225,1,1
q37226,1,1
q37383,1,1
q37388,1,1
q37370,1,1
q37372,1,1
q37373,3,1
q37375,2,1
q37377,1,1
q37520,1,1
q37521,1,1
q37522,1,1
q37523,1,1
q37524,2,1
q40571,1,1
q40572,1,1
q40573,1,1
q40574,1,1
q40576,1,1
q40575,1,1
q40577,12,1
q40578,1,1
q40570,1,1
q36674,2,1
q36676,1,1
q36679,1,1
q36680,1,1
q36681,1,1
q36683,1,1
q36686,1,1
q36690,1,1
q36691,1,1
q36697,1,1
q36698,1,1
q37192,1,1
q37196,1,1
q36706,1,1
q36707,1,1
q36708,1,1
q40579,1,1
q40580,1,1
q40581,1,1
q40582,1,1
q41024,1,1
q41025,1,1
q41026,11,1
q41027,2,1
q41028,1,1
q41029,1,1
q41031,1,1
q41032,1,1
q36428,15,1
q36429,7,1
q36430,1,1
q36431,1,1
q36432,3,1
q36433,1,1
q36434,1,1
q36435,2,1
q36436,3,1
q36437,1,1
q36438,1,1
q36439,1,1
q36440,3,1
q36441,1,1
q36442,1,1
q36443,1,1
q36444,66,1
q37210,1,1
q37213,1,1
q37214,1,1
q37215,1,1
q37216,1,1
q37232,1,1
q37233,1,1
q37234,1,1
q37235,1,1
q37365,1,1
q37366,2,1
q37367,1,1
q37368,2,1
q37529,1,1
q37530,1,1
q37531,1,1
q37537,1,1
q37539,1,1
q37596,1,1
q37598,1,1
q37777,1,1
q37778,1,1
q37779,1,1
q37780,1,1
q37781,1,1
q37787,19,1
q37789,1,1
q37794,1,1
q38344,1,1
q38345,1,1
q38346,1,1
q38347,2,1
q38545,1,1
q38547,1,1
q38548,1,1
q38549,1,1
q38560,1,1
q38561,1,1
q38563,1,1
q38564,1,1
q38565,1,1
q38566,1,1
q38567,15,1
q41033,1,1
q41034,1,1
q41040,1,1
q41041,1,1
q41042,1,1
q41043,1,1
q41045,1,1
q41090,1,1
q41091,1,1
q41093,8,1
q41092,1,1
q41094,1,1
q41095,1,1
q41096,1,1
q41097,1,1
q41098,1,1
q41099,1,1
q41100,1,1
q41101,1,1
q41102,1,1
q41103,1,1
q41104,1,1
q41216,1,1
q41217,1,1
q41218,1,1
q41239,1,1
q41240,1,1
q41251,1,1
q41256,1,1
q41261,1,1
q41309,1,1
q41310,2,1
q41311,1,1
q41312,1,1
q41343,7,1
q41342,4,1
q41410,1,1
q41411,1,1
q41414,14,1
q41418,1,1
q41421,1,1
q41489,1,1
q41490,1,1
q41491,1,1
q41492,1,1
q41494,1,1
q41495,1,1
q41447,1,1
q41722,11,1
q41724,4,1
q41726,1,1
q41729,1,1
q41730,1,1
q41266,1,1
q41734,1,1
q41736,1,1
q41737,1,1
q41738,1,1
q41741,1,1
q41743,1,1
q41746,1,1
q41757,1,1
q41758,1,1
q41760,1,1
q41764,1,1
q44038,1,1
q44039,1,1
q44040,1,1
q44043,1,1
q44044,1,1
q36538,1,1
q36539,1,1
q36540,1,1
q36591,1,1
q36592,1,1
q36593,1,1
q37055,1,1
q37056,1,1
q37057,1,1
q37060,1,1
q37064,1,1
q37065,2,1
q37066,1,1
q37067,1,1
q37074,1,1
q37077,1,1
q37078,1,1
q37081,1,1
q37100,1,1
q37101,1,1
q37104,1,1
q37105,1,1
q37576,1,1
q37590,3,1
q37591,1,1
q37599,1,1
q37603,1,1
q36811,1,1
q40519,1,1
q40533,1,1
q40534,1,1
q36598,1,1
q36599,1,1
q36600,1,1
q36601,1,1
q36794,1,1
q36795,1,1
q37084,1,1
q37085,1,1
q37086,1,1
q37087,2,1
q37088,5,1
q37089,2,1
q37090,1,1
q37091,3,1
q37092,1,1
q37093,1,1
q37095,1,1
q37096,1,1
q37106,1,1
q37108,1,1
q36839,1,1
q37109,1,1
q37110,1,1
q37112,1,1
q37114,1,1
q37117,1,1
q44026,1,1
q44027,1,1
q44028,1,1
q44029,5,1
q44030,1,1
q44031,1,1
q44032,1,1
q44033,1,1
q44034,1,1
q44035,1,1
q44036,1,1
q44037,3,1
q41144,1,1
q41145,1,1
q41146,1,1
q41153,1,1
q41154,1,1
q41155,1,1
q38837,1,1
q38838,1,1
q38839,1,1
q38840,1,1
q38841,1,1
q41169,1,1
q41168,1,1
q41170,2,1
q38791,1,1
q38794,1,1
q38796,1,1
q41171,1,1
q41172,1,1
q41173,1,1
q41174,1,1
q41175,1,1
q44115,1,1
q44113,1,1
q44114,1,1
q44118,1,1
q44120,1,1
q40395,1,1
q40396,1,1
q40427,1,1
q40428,1,1
q40429,1,1
q40430,1,1
q40431,1,1
q40433,1,1
q40434,1,1
q40435,1,1
q38836,1,1
q41188,2,1
q41189,1,1
q41190,1,1
q40405,1,1
q40471,1,1
q40472,1,1
q40473,1,1
q40474,1,1
q40475,1,1
q40476,1,1
q41193,1,1
q41194,1,1
q41195,1,1
q41196,1,1
q41351,1,1
q41352,1,1
q41353,1,1
q41354,1,1
q41355,1,1
q41360,1,1
q41361,1,1
q41362,1,1
q42095,2,1
q42096,2,1
q42098,2,1
q42100,2,1
q42101,2,1
q42102,4,1
q42103,2,1
q42104,1,1
q42105,1,1
q41206,1,1
q41207,1,1
q41394,1,1
q41404,1,1
q41405,1,1
q44008,1,1
q44009,1,1
q44010,1,1
q44011,1,1
q41210,1,1
q41209,1,1
q41396,1,1
q41397,1,1
q41398,1,1
q44097,2,1
q44098,1,1
q44100,1,1
q44102,1,1
q44104,1,1
q40504,1,1
q40505,1,1
q40508,1,1
q36704,1,1
q36705,5,1
q37203,2,1
q37206,1,1
q38579,1,1
q38581,1,1
q38583,1,1
q38584,2,1
q38585,1,1
q38586,2,1
q38587,2,1
q38588,1,1
q38589,1,1
q40532,1,1
q37390,1,1
q37515,2,1
q37516,1,1
q37541,1,1
q37544,4,1
q37548,1,1
q37618,2,1
q37621,2,1
q37632,2,1
q37634,1,1
q37637,1,1
q37640,1,1
q37606,2,1
q37609,1,1
q37610,1,1
q37613,1,1
q37614,1,1
q37722,1,1
q37723,1,1
q37724,1,1
q37725,1,1
q38381,1,1
q38384,1,1
q38490,1,1
q38491,1,1
q38492,1,1
q38493,1,1
q38494,1,1
q38495,30,1
q38498,1,1
q38499,1,1
q38500,1,1
q38501,1,1
q38502,1,1
q38503,30,1
q38504,8,1
q38505,15,1
q38506,1,1
q38508,1,1
q38509,1,1
q38553,1,1
q38554,1,1
q38556,1,1
q38557,1,1
q40480,1,1
q37393,1,1
q37396,1,1
q37397,1,1
q37399,1,1
q37401,65,1
q37558,1,1
q37560,1,1
q37566,1,1
q37567,1,1
q37568,1,1
q37644,5,1
q37645,20,1
q37646,1,1
q37656,5,1
q37727,1,1
q37728,2,1
q37729,1,1
q37659,1,1
q37662,1,1
q37664,1,1
q37665,1,1
q37731,1,1
q37732,1,1
q37733,183,1
q37734,50,1
q37735,2,1
q37737,1,1
q37738,1,1
q37739,3,1
q37744,1,1
q37749,1,1
q38332,2,1
q38333,3,1
q38334,2,1
q38335,3,1
q38336,1,1
q38337,1,1
q38520,1,1
q38521,1,1
q38529,1,1
q38531,1,1
q38533,1,1
q38568,7,1
q38569,1,1
q38571,1,1
q38572,1,1
q38573,1,1
q38574,1,1
q38575,1,1
q38576,1,1
q38577,1,1
q38613,1,1
q38614,1,1
q38615,1,1
q38616,1,1
q38618,1,1
q37671,1,1
q37672,1,1
q37673,1,1
q37675,1,1
q37678,1,1
q37682,1,1
q37683,1,1
q37686,1,1
q37691,1,1
q37700,1,1
q37702,1,1
q37704,1,1
q38338,1,1
q38339,4,1
q38340,1,1
q38341,1,1
q38342,1,1
q38343,1,1
q38534,1,1
q38535,1,1
q38536,1,1
q38540,1,1
q41078,1,1
q41079,1,1
q41231,1,1
q41232,1,1
q41233,1,1
q41234,1,1
q40564,1,1
q40565,1,1
q40566,1,1
q40567,1,1
q40568,1,1
q40569,1,1
q38631,1,1
q38632,1,1
q38633,1,1
q38634,1,1
q38635,1,1
q38636,118,1
q38637,1,1
q38638,1,1
q38639,1,1
q38640,98,1
q38684,1,1
q38685,2,1
q41080,3,1
q41081,1,1
q41083,1,1
q41084,1,1
q41085,4,1
q41086,2,1
q41088,1,1
q41089,1,1
q41235,1,1
q41236,1,1
q41237,1,1
q41238,1,1
q41422,2,1
q41423,3,1
q41424,1,1
q41425,1,1
q41426,1,1
q41427,1,1
q41428,1,1
q41429,1,1
q41430,1,1
q41431,2,1
q41433,2,1
q41434,1,1
q41474,1,1
q41475,1,1
q41476,2,1
q41481,1,1
q41483,1,1
q41484,1,1
q41485,1,1
q41486,2,1
q41555,42,1
q41551,1,1
q41553,1,1
q41554,1,1
q41277,2,1
q41278,1,1
q41628,2,1
q41629,1,1
q41630,5,1
q41631,2,1
q41632,1,1
q41678,1,1
q41685,1,1
q41687,1,1
q41692,1,1
q41693,1,1
q41696,1,1
q41700,1,1
q41707,5,1
q41712,1,1
q41715,1,1
q41718,1,1
q41719,1,1
q41720,3,1
q41731,1,1
q41732,1,1
q41733,1,1
q42123,1,1
q42124,1,1
q41267,1,1
q41268,1,1
q41269,1,1
q41271,1,1
q41272,1,1
q41273,1,1
q41274,1,1
q41275,1,1
q41276,1,1
q41304,1,1
q41305,1,1
q41306,1,1
q41308,1,1
q41339,1,1
q41340,2,1
q41341,2,1
q41445,1,1
q41314,1,1
q41315,1,1
q41316,1,1
q41317,1,1
q41319,1,1
q41318,1,1
q41320,1,1
q41321,1,1
q41451,1,1
q41453,1,1
q41496,1,1
q41498,1,1
q41499,1,1
q41501,1,1
q41502,1,1
q41504,1,1
q41506,1,1
q41507,1,1
q41556,1,1
q41557,1,1
q41558,1,1
q41560,1,1
q41561,1,1
q41562,1,1
q41563,1,1
q41564,1,1
q41565,1,1
q41566,1,1
q41567,1,1
q41568,1,1
q41569,1,1
q41570,2,1
q44016,1,1
q44017,1,1
q44018,1,1
q41322,1,1
q41323,1,1
q41324,1,1
q41325,1,1
q41326,1,1
q41327,1,1
q41329,1,1
q41330,1,1
q41331,1,1
q41442,1,1
q41443,1,1
q41444,1,1
q41465,1,1
q41454,1,1
q41455,1,1
q41460,1,1
q41461,1,1
q41462,1,1
q41463,1,1
q41464,6,1
q41466,1,1
q41467,1,1
q41517,5,1
q41509,1,1
q41510,1,1
q41511,1,1
q41518,1,1
q41513,1,1
q41515,43,1
q41516,1,1
q41514,2,1
q41519,1,1
q41520,1,1
q41522,1,1
q41594,1,1
q41592,1,1
q41593,1,1
q41595,1,1
q41596,1,1
q41597,1,1
q44019,1,1
q44020,1,1
q44021,1,1
q44022,1,1
q44023,1,1
q44024,1,1
q44025,1,1
q44127,1,1
q44128,1,1
q44129,1,1
q44130,8,1
q44132,1,1
q44134,1,1
q44136,1,1
q44135,1,1
q44137,7,1
q44140,1,1
q44141,1,1
q44142,5,1
q41468,1,1
q41469,1,1
q41470,1,1
q41471,1,1
q41472,1,1
q41473,1,1
q41523,10,1
q41524,1,1
q41525,1,1
q41544,1,1
q41545,1,1
q41546,159,1
q41547,5,1
q41548,1,1
q41549,1,1
q41550,2,1
q41584,1,1
q41571,12,1
q41572,1,1
q41573,24,1
q41574,5,1
q41575,1,1
q41576,1,1
q41578,3,1
q41580,1,1
q41581,1,1
q41582,1,1
q41583,1,1
q41586,1,1
q41587,1,1
q41588,1,1
q41589,13,1
q41591,1,1
q44122,1,1
q44121,1,1
q44124,1,1
q44125,1,1
q41766,1,1
q41770,1,1
q41772,1,1
q41774,1,1
q41779,1,1
q41782,1,1
q41787,1,1
q44015,1,1
q36611,1,1
q36612,1,1
q36613,1,1
q36608,1,1
q36609,1,1
q36610,1,1
q36796,3,1
q36797,1,1
q36578,4,1
q36579,5,1
q36580,3,1
q37024,1,1
q37027,1,1
q37030,1,1
q37099,1,1
q38146,1,1
q38147,1,1
q38148,1,1
q38150,1,1
q38152,1,1
q38155,1,1
q44045,1,1
q44046,1,1
q44099,1,1
q44101,1,1
q44103,1,1
q44105,1,1
q44106,1,1
q44107,1,1
q44108,1,1
q44109,1,1
q44112,1,1
q44116,1,1
q44117,1,1
q44119,1,1
q36594,1,1
q36595,1,1
q36816,3,1
q36821,3,1
q36822,3,1
q36823,1,1
q36824,1,1
q36825,4,1
q36826,2,1
q36828,2,1
q36829,1,1
q36830,4,1
q36831,2,1
q36832,1,1
q36833,1,1
q36834,1,1
q36835,1,1
q36836,1,1
q36837,1,1
q36838,1,1
q37034,1,1
q37036,1,1
q37039,1,1
q37041,1,1
q37044,1,1
q37045,1,1
q37046,1,1
q37047,1,1
q37048,1,1
q37049,1,1
q37050,1,1
q37052,1,1
q37655,1,1
q37657,1,1
q37658,1,1
q37660,1,1
q37663,3,1
q38087,1,1
q38088,1,1
q37721,1,1
q38141,1,1
q38273,7,1
q38274,1,1
q38275,1,1
q38276,2,1
q38278,1,1
q38279,1,1
q38280,1,1
q38783,1,1
q38785,1,1
q38077,1,1
q38078,1,1
q38079,1,1
q38080,1,1
q38081,1,1
q38082,1,1
q38083,1,1
q38084,1,1
q38085,1,1
q38097,1,1
q38098,1,1
q38099,1,1
q38100,1,1
q38101,1,1
q38102,1,1
q38103,1,1
q38104,1,1
q38105,1,1
q38106,1,1
q38107,1,1
q38108,4,1
q38109,1,1
q38110,1,1
q38111,1,1
q38112,1,1
q38113,1,1
q38114,1,1
q38115,1,1
q38116,7,1
q38117,1,1
q38118,1,1
q38119,1,1
q38120,1,1
q38121,1,1
q38281,1,1
q38284,1,1
q38285,1,1
q38286,1,1
q40407,47,1
q40408,1,1
q40411,1,1
q40413,5,1
q40415,1,1
q40416,95,1
q40417,2,1
q40418,2,1
q40419,1,1
q40421,2,1
q37688,1,1
q37689,1,1
q37690,1,1
q37692,1,1
q37693,1,1
q37694,1,1
q37695,1,1
q37696,1,1
q37698,1,1
q37699,1,1
q37701,1,1
q37703,1,1
q37705,1,1
q37706,2,1
q37707,1,1
q37708,1,1
q37709,1,1
q37713,1,1
q37714,1,1
q37716,1,1
q37718,1,1
q37720,1,1
q38131,2,1
q38132,1,1
q38133,1,1
q38134,1,1
q38135,1,1
q38136,1,1
q38137,1,1
q38138,1,1
q38139,1,1
q38140,2,1
q38219,1,1
q38221,1,1
q38223,1,1
q38241,1,1
q38243,1,1
q38244,1,1
q38245,1,1
q38246,1,1
q38314,1,1
q38315,1,1
q38316,1,1
q38317,1,1
q38318,1,1
q41148,1,1
q41149,1,1
q41156,1,1
q41157,1,1
q41158,1,1
q41159,1,1
q38094,1,1
q38095,1,1
q38156,1,1
q38157,1,1
q38159,1,1
q38160,1,1
q38163,1,1
q38165,1,1
q38166,1,1
q38180,1,1
q38181,1,1
q38182,1,1
q38240,1,1
q38258,1,1
q38259,1,1
q38261,2,1
q38262,1,1
q38762,1,1
q38764,2,1
q38767,13,1
q38770,1,1
q38772,1,1
q38773,1,1
q38775,1,1
q38777,1,1
q38779,1,1
q38780,1,1
q41142,1,1
q41143,1,1
q38089,1,1
q38090,5,1
q38092,1,1
q38093,1,1
q38247,1,1
q38248,1,1
q38249,1,1
q38250,1,1
q40397,1,1
q40398,1,1
q40399,1,1
q40400,1,1
q40401,1,1
q40402,1,1
q40403,1,1
q40404,1,1
q38263,1,1
q38264,1,1
q38265,1,1
q38266,1,1
q38290,1,1
q38291,1,1
q38292,1,1
q38297,1,1
q38298,2,1
q38300,1,1
q38302,1,1
q38303,1,1
q38304,1,1
q38295,1,1
q38296,1,1
q41138,1,1
q41139,2,1
q41140,2,1
q41152,1,1
q41160,2,1
q38288,1,1
q38289,1,1
q38305,1,1
q38306,1,1
q38310,1,1
q38312,1,1
q38313,1,1
q38806,1,1
q38812,2,1
q38814,2,1
q41179,1,1
q41180,1,1
q41181,1,1
q41182,1,1
q41183,1,1
q41184,1,1
q41185,1,1
q41161,1,1
q41162,1,1
q41163,1,1
q41164,1,1
q41165,1,1
q41166,1,1
q41167,1,1
q38835,1,1
q38831,1,1
q38832,1,1
q38833,1,1
q38834,1,1
q40389,1,1
q40390,1,1
q40392,1,1
q40393,1,1
q40423,1,1
q40424,1,1
q40425,1,1
q40467,2,1
q41176,1,1
q41344,1,1
q41345,1,1
q41346,1,1
q41356,1,1
q41357,1,1
q41358,1,1
q41359,1,1
q40380,1,1
q40381,1,1
q40382,1,1
q40383,1,1
q40384,1,1
q40385,1,1
q40386,1,1
q40387,1,1
q40388,1,1
q41177,1,1
q41197,1,1
q41199,1,1
q41347,1,1
q41348,1,1
q41363,1,1
q41386,1,1
q41385,3,1
q41387,1,1
q41388,1,1
q41389,2,1
q41390,2,1
q41401,1,1
q41402,1,1
q41399,1,1
q41400,1,1
q41406,1,1
q41407,1,1
q41408,1,1
q41409,1,1
q45635,1,1
q41200,1,1
q41201,1,1
q41382,1,1
q41383,3,1
q41384,1,1
q44110,1,1
q44111,1,1
q45624,2,1
q41412,1,1
q41512,1,1
q42107,2,1
q42108,2,1
q42106,1,1
q42112,1,1
q42113,2,1
q42114,1,1
q42117,1,1
q41403,1,1
q44012,1,1
q44013,1,1
q44123,1,1
q44126,1,1
q44131,1,1
q44133,1,1
q44138,1,1
q44139,1,1
q41062,1,1
q41063,1,1
q41064,1,1
q41065,1,1
q41066,1,1
q41500,3,1
q41503,1,1
q41505,1,1
q41508,1,1
q41533,1,1
q41534,1,1
q42127,1,1
q42125,1,1
q42126,2,1
q42128,1,1
q42129,1,1
q42130,1,1
q41125,15,1
q41126,50,1
q41127,1,1
q41128,3,1
q41129,1,1
q41535,1,1
q41527,1,1
q42121,1,1
q42122,1,1
q45642,1,1
q45643,1,1
q45645,1,1
q41059,1,1
q41060,2,1
q41061,2,1
q41108,1,1
q41110,1,1
q41112,1,1
q41113,1,1
q41114,1,1
q41528,1,1
q41529,1,1
q41530,1,1
q45636,3,1
q45637,1,1
q45648,1,1
q45649,1,1
q45650,1,1
q45651,2,1
q45652,1,1
q40520,1,1
q40521,1,1
q40522,1,1
q40523,1,1
q40543,1,1
q40544,1,1
q40545,1,1
q40546,1,1
q40547,1,1
q40548,1,1
q40549,1,1
q40550,1,1
q40551,1,1
q40552,1,1
q40553,1,1
q40554,1,1
q40556,1,1
q40557,1,1
q41035,1,1
q41036,1,1
q41058,1,1
q41478,1,1
q41479,1,1
q41480,1,1
q41482,1,1
q41487,1,1
q41493,1,1
q40483,1,1
q40484,1,1
q40494,1,1
q40495,2,1
q40496,1,1
q40315,1,1
q40316,1,1
q40317,1,1
q40319,1,1
q40320,1,1
q40512,1,1
q40514,2,1
q40515,4,1
q40516,1,1
q40517,1,1
q40518,1,1
q40537,1,1
q40538,1,1
q40470,1,1
q38977,1,1
q38978,1,1
q38979,1,1
q38980,1,1
q40311,1,1
q40245,1,1
q40246,1,1
q40247,1,1
q40462,1,1
q40464,1,1
q38242,1,1
q38189,1,1
q38191,1,1
q38472,1,1
q38552,1,1
q38555,1,1
q38558,1,1
q38559,1,1
q38562,1,1
q38975,1,1
q38976,1,1
q40236,1,1
q40237,1,1
q40238,1,1
q40239,22,1
q40240,2,1
q40241,1,1
q40242,1,1
q40448,9,1
q40449,2,1
q40321,1,1
q40322,2,1
q40323,1,1
q40324,2,1
q38188,1,1
q38482,1,1
q38483,1,1
q38484,1,1
q38485,1,1
q38486,1,1
q38487,1,1
q45653,1,1
q45654,1,1
q45656,1,1
q40224,1,1
q40225,1,1
q40226,1,1
q40312,1,1
q40313,1,1
q38471,1,1
q40219,1,1
q40220,1,1
q40221,1,1
q40222,1,1
q38981,1,1
q38982,1,1
q38983,1,1
q37484,1,1
q37485,1,1
q37486,1,1
q37487,1,1
q37502,1,1
q37503,1,1
q37504,2,1
q37505,1,1
q37506,1,1
q37507,1,1
q37508,2,1
q37871,1,1
q37872,1,1
q37873,1,1
q37875,1,1
q37876,1,1
q37877,1,1
q38073,1,1
q38074,1,1
q38075,1,1
q38076,1,1
q38067,1,1
q38068,1,1
q38069,1,1
q38070,1,1
q38071,1,1
q38072,1,1
q38202,1,1
q38203,1,1
q38233,1,1
q38002,1,1
q38470,1,1
q38055,1,1
q38056,1,1
q38065,1,1
q38066,1,1
q38475,1,1
q38476,1,1
q38477,1,1
q45657,1,1
q45658,1,1
q37413,1,1
q38024,1,1
q38025,1,1
q38194,1,1
q38196,1,1
q38199,1,1
q38200,1,1
q38469,1,1
q38048,1,1
q37403,1,1
q37426,1,1
q37427,1,1
q37446,1,1
q37447,12,1
q37449,1,1
q37452,1,1
q38006,1,1
q38007,1,1
q38008,1,1
q38009,2,1
q38010,1,1
q38012,1,1
q38013,1,1
q38014,1,1
q38015,1,1
q38016,1,1
q37878,1,1
q37879,1,1
q38018,1,1
q38019,1,1
q38020,1,1
q38049,1,1
q38050,1,1
q38051,2,1
q38053,1,1
q38054,1,1
q38061,1,1
q38062,1,1
q37495,1,1
q45661,1,1
q45660,1,1
q45659,1,1
q45662,1,1
q37338,1,1
q37339,3,1
q37340,2,1
q37341,1,1
q37345,1,1
q37347,1,1
q37379,1,1
q37380,2,1
q37381,1,1
q37382,1,1
q37384,1,1
q37369,1,1
q37371,1,1
q37374,1,1
q37376,1,1
q37378,1,1
q37419,14,1
q37420,1,1
q37423,1,1
q37424,1,1
q37869,1,1
q37870,1,1
q37886,1,1
q37887,1,1
q37889,3,1
q37890,1,1
q38021,1,1
q38022,1,1
q38023,1,1
q38045,1,1
q38046,2,1
q38004,1,1
q38005,1,1
q37442,1,1
q38465,1,1
q37509,2,1
q37511,1,1
q37512,1,1
q38466,1,1
q37884,7,1
q37885,1,1
q37475,1,1
q37476,1,1
q37477,14,1
q37478,1,1
q37479,2,1
q37480,1,1
q37481,1,1
q37482,2,1
q37483,1,1
q37496,1,1
q37497,1,1
q38000,1,1
q38003,1,1
q37407,4,1
q37409,1,1
q38461,2,1
q38462,1,1
q37298,1,1
q37299,1,1
q37300,1,1
q37301,1,1
q37302,1,1
q37330,1,1
q37331,1,1
q37332,1,1
q37333,1,1
q37334,1,1
q37313,1,1
q37314,1,1
q37315,1,1
q37316,1,1
q37317,1,1
q37318,1,1
q37353,1,1
q37355,1,1
q37356,1,1
q37389,6,1
q37391,1,1
q37209,2,1
q37211,1,1
q37212,1,1
q37241,2,1
q37242,1,1
q37243,2,1
q37244,1,1
q37245,1,1
q37277,1,1
q37278,1,1
q37279,1,1
q37322,1,1
q37323,2,1
q37335,1,1
q37336,1,1
q37361,1,1
q37362,1,1
q37364,1,1
q37252,1,1
q37253,1,1
q37254,3,1
q37255,1,1
q37268,1,1
q37269,1,1
q37280,1,1
q37281,1,1
q37326,1,1
q37327,1,1
q37328,1,1
q37329,1,1
q37247,1,1
q37310,1,1
q37311,1,1
q37312,1,1
q37208,1,1
q37256,1,1
q37257,1,1
q37259,5,1
q37260,1,1
q37261,1,1
q37272,1,1
q37274,1,1
q37275,3,1
q37276,2,1
q36860,1,1
q36861,1,1
q36862,1,1
q36863,1,1
q36864,1,1
q36865,1,1
q36866,44,1
q37033,1,1
q37197,1,1
q37198,1,1
q37199,1,1
q37200,1,1
q37201,1,1
q37202,1,1
q37204,1,1
q37248,1,1
q37250,1,1
q37251,1,1
q36848,1,1
q36849,1,1
q36850,1,1
q36851,1,1
q36852,1,1
q36981,1,1
q36982,1,1
q37035,1,1
q36781,1,1
q36847,1,1
q36819,1,1
q37170,1,1
q37171,1,1
q37172,1,1
q37173,9,1
q37022,1,1
q36642,1,1
q36643,1,1
q36644,1,1
q36645,2,1
q36646,1,1
q36647,2,1
q36648,1,1
q36649,1,1
q36650,1,1
q36651,1,1
q36653,1,1
q36654,1,1
q36655,2,1
q36658,1,1
q36659,1,1
q36661,1,1
q36663,1,1
q36664,1,1
q36984,1,1
q36986,4,1
q36987,3,1
q36989,2,1
q36990,1,1
q36992,2,1
q36996,1,1
q36997,1,1
q37016,1,1
q37017,1,1
q36859,1,1
q37176,1,1
q37179,1,1
q37180,1,1
q37182,1,1
q36974,1,1
q36975,1,1
q36977,1,1
q36978,1,1
q37003,1,1
q37006,3,1
q37007,7,1
q37008,1,1
q37009,2,1
q37010,6,1
q37011,1,1
q37012,1,1
q37013,1,1
q36688,1,1
q36689,1,1
q36692,1,1
q36733,1,1
q36734,1,1
q36735,1,1
q36758,1,1
q36759,1,1
q37018,3,1
q37019,3,1
q37021,1,1
q36709,1,1
q36710,1,1
q36711,1,1
q36712,2,1
q36713,1,1
q36714,1,1
q36716,33,1
q36729,1,1
q36730,1,1
q36731,1,1
q36732,1,1
q36752,5,1
q36753,1,1
q36724,1,1
q36725,1,1
q36726,1,1
q36736,1,1
q36737,1,1
q36739,1,1
q36740,1,1
q36741,1,1
q36743,1,1
q36744,1,1
q36745,1,1
q36746,1,1
q36747,1,1
q36748,1,1
q36762,1,1
q36763,1,1
q36749,1,1
q36750,1,1
q36751,1,1
q36760,1,1
q36761,1,1
q36419,1,1
q36420,1,1
q36652,1,1
q36656,2,1
q36693,1,1
q36694,1,1
q36696,2,1
q36754,1,1
q36755,1,1
q36756,1,1
q36757,1,1
q37014,1,1
q37015,1,1
q36764,1,1
q36765,1,1
q36766,1,1
q36548,1,1
q36550,1,1
q36727,1,1
q36769,1,1
q36770,1,1
q36771,1,1
q36772,1,1
q36773,1,1
q37185,1,1
q37189,5,1
q37190,1,1
q37191,1,1
q37193,3,1
q36551,1,1
q36552,1,1
q36596,1,1
q36597,1,1
q36728,1,1
q37227,1,1
q37229,1,1
q37230,1,1
q37231,1,1
q37680,1,1
q37681,1,1
q37684,1,1
q37685,1,1
q37687,1,1
q37324,1,1
q37325,1,1
q37348,1,1
q37350,1,1
q37351,1,1
q36541,1,1
q36542,1,1
q36543,1,1
q36544,1,1
q36545,1,1
q36546,1,1
q36547,1,1
q36553,1,1
q36554,1,1
q36556,1,1
q36557,1,1
q36606,1,1
q36607,1,1
q36558,1,1
q36561,1,1
q36562,1,1
q36563,1,1
q36564,1,1
q36566,1,1
q36567,1,1
q36568,1,1
q36569,1,1
q36570,1,1
q36571,1,1
q36572,1,1
q36573,1,1
q36574,1,1
q36575,1,1
q36576,1,1
q36577,1,1
q36581,1,1
q36582,1,1
q36584,1,1
q36585,2,1
q36586,1,1
q36587,1,1
q36588,2,1
q36590,1,1
q36602,1,1
q36603,1,1
q36604,1,1
q36605,1,1
q36638,1,1
q36639,2,1
q36640,1,1
q36641,1,1
q36423,1,1
q36424,1,1
q36425,1,1
q36426,1,1
q36427,1,1
q36662,1,1
q36669,1,1
q36670,1,1
q36671,1,1
q36673,1,1
q36665,1,1
q36666,1,1
q36667,1,1
q36668,1,1
q36672,1,1
q36675,2,1
q36677,1,1
q36678,1,1
q36682,1,1
q36684,1,1
q36685,1,1
q36687,1,1
q36699,1,1
q36700,1,1
q36701,1,1
q36702,2,1
q36703,3,1
q36718,1,1
q36719,1,1
q36720,1,1
q37357,1,1
q36774,1,1
q36775,1,1
q36776,1,1
q36777,1,1
q36778,1,1
q36779,1,1
q36780,1,1
q36784,1,1
q36786,1,1
q36787,1,1
q36788,1,1
q36791,1,1
q36792,1,1
q36793,1,1
q37394,1,1
q37395,1,1
q36803,1,1
q36804,1,1
q36805,1,1
q36807,1,1
q36814,1,1
q36815,1,1
q36817,1,1
q36853,1,1
q36854,1,1
q36855,1,1
q36856,1,1
q36857,1,1
q36858,1,1
q37398,1,1
q37400,1,1
q37025,1,1
q37026,1,1
q37028,1,1
q37029,2,1
q37031,1,1
q36812,1,1
q36813,1,1
q37195,1,1
q37207,1,1
q37217,1,1
q37218,2,1
q37219,1,1
q37220,1,1
q37222,1,1
q37223,1,1
q37263,1,1
q37264,1,1
q37265,1,1
q37266,1,1
q37267,1,1
q37270,1,1
q37271,1,1
q37282,1,1
q37283,1,1
q37284,1,1
q37285,1,1
q37286,1,1
q37287,1,1
q37303,1,1
q37304,1,1
q37305,1,1
q37306,1,1
q37307,1,1
q37308,1,1
q37309,1,1
q37319,1,1
q37320,1,1
q37321,2,1
q37237,1,1
q37238,2,1
q37239,1,1
q37240,1,1
q37343,1,1
q37344,1,1
q37385,1,1
q37386,1,1
q37387,3,1
q37428,1,1
q37429,1,1
q37430,1,1
q37431,1,1
q37432,1,1
q37433,1,1
q37434,6,1
q37437,2,1
q37439,1,1
q37440,1,1
q37488,1,1
q37489,1,1
q37490,2,1
q37491,2,1
q37492,1,1
q37493,1,1
q37494,1,1
q37498,1,1
q37499,1,1
q37500,1,1
q37501,5,1
q37517,1,1
q37518,1,1
q37519,1,1
q37569,1,1
q37570,1,1
q37571,1,1
q37572,4,1
q37573,1,1
q37574,4,1
q37578,1,1
q37580,1,1
q37581,1,1
q37582,1,1
q37586,1,1
q37594,1,1
q37615,3,1
q37616,2,1
q37608,3,1
q37611,1,1
q37624,1,1
q37627,1,1
q37638,1,1
q37647,2,1
q37648,2,1
q37649,1,1
q37650,1,1
q37667,1,1
q37668,2,1
q37669,1,1
q37674,1,1
q37676,1,1
q37677,1,1
q37679,1,1
q37711,1,1
q37712,1,1
q37715,1,1
q37717,1,1
q37719,1,1
q38326,1,1
q38327,1,1
q38328,1,1
q38329,1,1
q38330,1,1
q38331,1,1
q37756,1,1
q37757,1,1
q37759,1,1
q37761,1,1
q37762,1,1
q37763,1,1
q37764,1,1
q37766,1,1
q37768,1,1
q37769,1,1
q37770,1,1
q37772,1,1
q37774,1,1
q37776,1,1
q37346,1,1
q37349,1,1
q37352,1,1
q37354,1,1
q37358,1,1
q37359,1,1
q37360,1,1
q37363,1,1
q36722,1,1
q36723,1,1
q37862,2,1
q37863,1,1
q37864,1,1
q37865,2,1
q37866,1,1
q37867,2,1
q37868,1,1
q38037,1,1
q38038,1,1
q38039,1,1
q38040,1,1
q38043,1,1
q38057,1,1
q38059,3,1
q38063,2,1
q38064,3,1
q38122,1,1
q38123,1,1
q38124,1,1
q38125,1,1
q38127,1,1
q38128,1,1
q38129,1,1
q38130,1,1
q38168,1,1
q38169,1,1
q38171,1,1
q38172,1,1
q38175,1,1
q38176,1,1
q38210,1,1
q38212,1,1
q38214,1,1
q38222,1,1
q38225,1,1
q37392,1,1
q38463,1,1
q38464,1,1
q38227,1,1
q38228,1,1
q38229,1,1
q38230,1,1
q38232,1,1
q38234,1,1
q38236,1,1
q38237,1,1
q38238,1,1
q38239,3,1
q38268,1,1
q38269,1,1
q38270,1,1
q38271,1,1
q38272,1,1
q38282,1,1
q38283,4,1
q38307,1,1
q38308,1,1
q38309,1,1
q38320,1,1
q38321,1,1
q38322,1,1
q38323,3,1
q38324,1,1
q38325,1,1
q38467,1,1
q38468,1,1
q38026,2,1
q38027,16,1
q38474,1,1
q38488,1,1
q38478,1,1
q38479,1,1
q38480,1,1
q38481,1,1
q38537,1,1
q38539,1,1
q38510,1,1
q38512,1,1
q38522,1,1
q38525,1,1
q38590,1,1
q38591,1,1
q38592,1,1
q38593,1,1
q38594,1,1
q38595,1,1
q38596,1,1
q38597,1,1
q38598,1,1
q38599,1,1
q38600,1,1
q38601,1,1
q38603,1,1
q38606,1,1
q38607,1,1
q38608,1,1
q38609,1,1
q38610,1,1
q38611,1,1
q38612,1,1
q38786,1,1
q38787,1,1
q38788,1,1
q38789,1,1
q38798,1,1
q38800,1,1
q38802,1,1
q38803,1,1
q38816,1,1
q38818,1,1
q38820,1,1
q38822,1,1
q38824,1,1
q38825,1,1
q38826,1,1
q38828,1,1
q38842,1,1
q38845,1,1
q38847,1,1
q38851,1,1
q38852,1,1
q38853,2,1
q40223,1,1
q40227,1,1
q40228,1,1
q40229,3,1
q40230,4,1
q40231,2,1
q40232,2,1
q40234,1,1
q40235,1,1
